{
    "name": "DF_CustomersClean",
    "properties": {
        "type": "MappingDataFlow",
        "typeProperties": {
            "sources": [
                {
                    "dataset": {
                        "referenceName": "DS_CustomersCSV_Input",
                        "type": "DatasetReference"
                    },
                    "name": "SourceCustomers"
                }
            ],
            "sinks": [
                {
                    "dataset": {
                        "referenceName": "DS_CustomersCSV_Input",
                        "type": "DatasetReference"
                    },
                    "name": "SinkCustomersTransformed"
                }
            ],
            "transformations": [
                {
                    "name": "FilterHighValue",
                    "description": "Add expression for the !isNull(age) && toInteger(age) > 25\nfilter"
                }
            ],
            "scriptLines": [
                "source(output(",
                "          customer_id as string,",
                "          customer_name as string,",
                "          city as string,",
                "          age as short",
                "     ),",
                "     allowSchemaDrift: true,",
                "     validateSchema: false,",
                "     ignoreNoFilesFound: false) ~> SourceCustomers",
                "SourceCustomers filter(!isNull(age) && toInteger(age) > 25) ~> FilterHighValue",
                "FilterHighValue sink(allowSchemaDrift: true,",
                "     validateSchema: false,",
                "     input(",
                "          customer_id as string,",
                "          customer_name as string,",
                "          city as string,",
                "          age as string",
                "     ),",
                "     skipDuplicateMapInputs: true,",
                "     skipDuplicateMapOutputs: true) ~> SinkCustomersTransformed"
            ]
        }
    }
}