{
    "name": "Pipeline_CustomersClean",
    "properties": {
        "activities": [
            {
                "name": "RunPythonScript",
                "type": "Custom",
                "dependsOn": [],
                "policy": {
                    "timeout": "0.12:00:00",
                    "retry": 0,
                    "retryIntervalInSeconds": 30,
                    "secureOutput": false,
                    "secureInput": false
                },
                "userProperties": [],
                "typeProperties": {
                    "command": "python transform.py",
                    "resourceLinkedService": {
                        "referenceName": "LS_vyshaBlob",
                        "type": "LinkedServiceReference"
                    },
                    "folderPath": "adf-python",
                    "referenceObjects": {
                        "linkedServices": [],
                        "datasets": []
                    }
                },
                "linkedServiceName": {
                    "referenceName": "AzureBatchLinked",
                    "type": "LinkedServiceReference"
                }
            }
        ],
        "annotations": [],
        "lastPublishTime": "2025-07-25T13:15:20Z"
    },
    "type": "Microsoft.DataFactory/factories/pipelines"
}